/api/secret/generic/index.html  /api/secret/kv/index.html
/api/system/renew.html  /api/system/leases.html
/api/system/revoke-force.html /api/system/leases.html
/api/system/revoke-prefix.html  /api/system/leases.html
/api/system/revoke.html /api/system/leases.html
/docs/auth/aws-ec2.html /docs/auth/aws.html
/docs/commands/environment.html  /docs/commands/index.html#environment-variables
/docs/commands/help.html  /docs/commands/path-help.html
/docs/commands/read-write.html /docs/commands/index.html#reading-and-writing-data
/docs/config/index.html /docs/configuration/index.html
/docs/configuration/storage/google-cloud.html  /docs/configuration/storage/google-cloud-storage.html
/docs/configuration/storage/spanner.html /docs/configuration/storage/google-cloud-spanner.html
/docs/enterprise/hsm/configuration.html  /docs/configuration/seal/pkcs11.html
/docs/enterprise/ui/index.html  /docs/configuration/ui/index.html
/docs/guides/generate-root.html /guides/operations/generate-root.html
/docs/guides/index.html /guides/index.html
/docs/guides/production.html  /guides/operations/production.html
/docs/guides/replication.html /guides/operations/replication.html
/docs/guides/upgrading/index.html      /docs/upgrading/index.html
/docs/guides/upgrading/upgrade-to-0.5.0.html /docs/upgrading/upgrade-to-0.5.0.html
/docs/guides/upgrading/upgrade-to-0.5.1.html /docs/upgrading/upgrade-to-0.5.1.html
/docs/guides/upgrading/upgrade-to-0.6.0.html /docs/upgrading/upgrade-to-0.6.0.html
/docs/guides/upgrading/upgrade-to-0.6.1.html /docs/upgrading/upgrade-to-0.6.1.html
/docs/guides/upgrading/upgrade-to-0.6.2.html /docs/upgrading/upgrade-to-0.6.2.html
/docs/guides/upgrading/upgrade-to-0.6.3.html /docs/upgrading/upgrade-to-0.6.3.html
/docs/guides/upgrading/upgrade-to-0.6.4.html /docs/upgrading/upgrade-to-0.6.4.html
/docs/guides/upgrading/upgrade-to-0.7.0.html /docs/upgrading/upgrade-to-0.7.0.html
/guides/upgrading/upgrade-to-0.5.0.html /docs/upgrading/upgrade-to-0.5.0.html
/guides/upgrading/upgrade-to-0.5.1.html /docs/upgrading/upgrade-to-0.5.1.html
/guides/upgrading/upgrade-to-0.6.0.html /docs/upgrading/upgrade-to-0.6.0.html
/guides/upgrading/upgrade-to-0.6.1.html /docs/upgrading/upgrade-to-0.6.1.html
/guides/upgrading/upgrade-to-0.6.2.html /docs/upgrading/upgrade-to-0.6.2.html
/guides/upgrading/upgrade-to-0.6.3.html /docs/upgrading/upgrade-to-0.6.3.html
/guides/upgrading/upgrade-to-0.6.4.html /docs/upgrading/upgrade-to-0.6.4.html
/guides/upgrading/upgrade-to-0.7.0.html /docs/upgrading/upgrade-to-0.7.0.html
/guides/upgrading/upgrade-to-0.8.0.html /docs/upgrading/upgrade-to-0.8.0.html
/guides/upgrading/upgrade-to-0.9.0.html /docs/upgrading/upgrade-to-0.9.0.html
/guides/upgrading/upgrade-to-0.9.1.html /docs/upgrading/upgrade-to-0.9.1.html
/guides/upgrading/upgrade-to-0.9.2.html /docs/upgrading/upgrade-to-0.9.2.html
/guides/upgrading/upgrade-to-0.9.3.html /docs/upgrading/upgrade-to-0.9.3.html
/guides/upgrading/upgrade-to-0.9.6.html /docs/upgrading/upgrade-to-0.9.6.html
/guides/upgrading/upgrade-to-0.10.0.html /docs/upgrading/upgrade-to-0.10.0.html
/guides/upgrading/upgrade-to-0.10.2.html /docs/upgrading/upgrade-to-0.10.2.html
/guides/upgrading/upgrade-to-0.10.4.html /docs/upgrading/upgrade-to-0.10.4.html
/guides/upgrading/upgrade-to-0.11.0.html /docs/upgrading/upgrade-to-0.11.0.html
/guides/upgrading/upgrade-to-0.11.2.html /docs/upgrading/upgrade-to-0.11.2.html
/docs/http/sys-audit.html /api/system/audit.html
/docs/http/sys-auth.html  /api/system/auth.html
/docs/http/sys-health.html  /api/system/health.html
/docs/http/sys-init.html  /api/system/init.html
/docs/http/sys-key-status.html  /api/system/key-status.html
/docs/http/sys-leader.html  /api/system/leader.html
/docs/http/sys-mounts.html  /api/system/mounts.html
/docs/http/sys-policy.html  /api/system/policy.html
/docs/http/sys-raw.html /api/system/raw.html
/docs/http/sys-rekey.html /api/system/rekey.html
/docs/http/sys-remount.html /api/system/remount.html
/docs/http/sys-renew.html /api/system/leases.html
/docs/http/sys-revoke-prefix.html /api/system/leases.html
/docs/http/sys-revoke.html  /api/system/leases.html
/docs/http/sys-rotate.html  /api/system/rotate.html
/docs/http/sys-seal-status.html /api/system/seal-status.html
/docs/http/sys-seal.html  /api/system/seal.html
/docs/http/sys-unseal.html  /api/system/unseal.html
/docs/install/install.html  /docs/install/index.html
/docs/install/upgrade-to-0.5.1.html  /guides/upgrading/upgrade-to-0.5.1.html
/docs/install/upgrade-to-0.5.html /guides/upgrading/upgrade-to-0.5.0.html
/docs/install/upgrade-to-0.6.1.html  /guides/upgrading/upgrade-to-0.6.1.html
/docs/install/upgrade-to-0.6.2.html  /guides/upgrading/upgrade-to-0.6.2.html
/docs/install/upgrade-to-0.6.html /guides/upgrading/upgrade-to-0.6.0.html
/docs/install/upgrade.html  /guides/upgrading/index.html
/docs/secrets/custom.html /docs/plugin/index.html
/docs/secrets/generic/index.html  /docs/secrets/kv/index.html
/docs/vault-enterprise/hsm/behavior.html /docs/enterprise/hsm/behavior.html
/docs/vault-enterprise/hsm/configuration.html  /docs/enterprise/hsm/configuration.html
/docs/vault-enterprise/hsm/index.html /docs/enterprise/hsm/index.html
/docs/vault-enterprise/hsm/security.html /docs/enterprise/hsm/security.html
/docs/vault-enterprise/identity/index.html /docs/enterprise/identity/index.html
/docs/vault-enterprise/index.html /docs/enterprise/index.html
/docs/vault-enterprise/mfa/index.html /docs/enterprise/mfa/index.html
/docs/vault-enterprise/mfa/mfa-duo.html /docs/enterprise/mfa/mfa-duo.html
/docs/vault-enterprise/mfa/mfa-okta.html /docs/enterprise/mfa/mfa-okta.html
/docs/vault-enterprise/mfa/mfa-pingid.html /docs/enterprise/mfa/mfa-pingid.html
/docs/vault-enterprise/mfa/mfa-totp.html /docs/enterprise/mfa/mfa-totp.html
/docs/vault-enterprise/replication/index.html  /docs/enterprise/replication/index.html
/docs/vault-enterprise/ui/index.html  /docs/configuration/ui/index.html
/guides/authentication.html /guides/identity/authentication.html
/guides/configuration/authentication.html  /guides/identity/authentication.html
/guides/configuration/generate-root.html /guides/operations/generate-root.html
/guides/configuration/lease.html  /guides/identity/lease.html
/guides/configuration/plugin-backends.html /guides/operations/plugin-backends.html
/guides/configuration/policies.html /guides/identity/policies.html
/guides/configuration/rekeying-and-rotating.html /guides/operations/rekeying-and-rotating.html
/guides/cubbyhole.html  /guides/secret-mgmt/cubbyhole.html
/guides/dynamic-secret.html /guides/secret-mgmt/dynamic-secret.html
/guides/generate-root.html  /guides/operations/generate-root.html
/guides/lease.html  /guides/identity/lease.html
/guides/plugin-backends.html  /guides/operations/plugin-backends.html
/guides/policies.html /guides/identity/policies.html
/guides/production.html /guides/operations/production.html
/guides/rekeying-and-rotating.html /guides/operations/rekeying-and-rotating.html
/guides/replication.html  /guides/operations/replication.html
/guides/static-secrets.html /guides/secret-mgmt/static-secrets.html
/intro/getting-started/acl.html /intro/getting-started/policies.html
/intro/getting-started/secret-backends.html  /intro/getting-started/secrets-engines.html

/guides/getting-started/index.html              https://learn.hashicorp.com/vault

/guides/operations/index.html                   https://learn.hashicorp.com/vault/vault/?track=operations#operations
/guides/operations/reference-architecture.html  https://learn.hashicorp.com/vault/vault/operations/ops-reference-architecture.html
/guides/operations/deployment-guide.html        https://learn.hashicorp.com/vault/vault/operations/ops-deployment-guide.html
/guides/operations/vault-ha-consul.html         https://learn.hashicorp.com/vault/operations/ops-vault-ha-consul.html
/guides/operations/production.html              https://learn.hashicorp.com/vault/operations/production-hardening.html
/guides/operations/generate-root.html           https://learn.hashicorp.com/vault/operations/ops-generate-root.html
/guides/operations/rekeying-and-rotating.html   https://learn.hashicorp.com/vault/operations/ops-rekeying-and-rotating.html
/guides/operations/plugin-backends.html         https://learn.hashicorp.com/vault/developer/plugin-backends.html
/guides/operations/replication.html             https://learn.hashicorp.com/vault/operations/ops-replication.html
/guides/operations/disaster-recovery.html       https://learn.hashicorp.com/vault/operations/ops-disaster-recovery.html
/guides/operations/mount-filter.html            https://learn.hashicorp.com/vault/operations/mount-filter.html
/guides/operations/performance-nodes.html       https://learn.hashicorp.com/vault/operations/performance-standbys.html
/guides/operations/multi-tenant.html            https://learn.hashicorp.com/vault/operations/namespaces.html
/guides/operations/autounseal-aws-kms.html      https://learn.hashicorp.com/vault/operations/ops-autounseal-aws-kms.html
/guides/operations/seal-wrap.html               https://learn.hashicorp.com/vault/operations/ops-seal-wrap.html

# Identity
/guides/identity/index.html                     https://learn.hashicorp.com/vault?track=identity-access-management#identity-access-management
/guides/identity/secure-intro.html              https://learn.hashicorp.com/vault/identity-access-management/iam-secure-intro.html
/guides/identity/policies.html                  https://learn.hashicorp.com/vault/identity-access-management/iam-policies.html
/guides/identity/policy-templating.html         https://learn.hashicorp.com/vault/identity-access-management/policy-templating.html
/guides/identity/authentication.html            https://learn.hashicorp.com/vault/identity-access-management/iam-authentication.html
/guides/identity/approle-trusted-entities.html  https://learn.hashicorp.com/vault/identity-access-management/iam-approle-trusted-entities.html
/guides/identity/lease.html                     https://learn.hashicorp.com/vault/secrets-management/sm-lease.html
/guides/identity/identity.html                  https://learn.hashicorp.com/vault/identity-access-management/iam-identity.html
/guides/identity/sentinel.html                  https://learn.hashicorp.com/vault/identity-access-management/iam-sentinel.html
/guides/identity/control-groups.html            https://learn.hashicorp.com/vault/identity-access-management/iam-control-groups.html

# Secret management
/guides/secret-mgmt/index.html                  https://learn.hashicorp.com/vault/?track=secrets-management#secrets-management
/guides/secret-mgmt/static-secrets.html         https://learn.hashicorp.com/vault/secrets-management/sm-static-secrets.html
/guides/secret-mgmt/versioned-kv.html           https://learn.hashicorp.com/vault/secrets-management/sm-versioned-kv.html
/guides/secret-mgmt/dynamic-secrets.html        https://learn.hashicorp.com/vault/secrets-management/sm-dynamic-secrets.html
/guides/secret-mgmt/db-root-rotation.html       https://learn.hashicorp.com/vault/secrets-management/db-root-rotation.html
/guides/secret-mgmt/cubbyhole.html              https://learn.hashicorp.com/vault/secrets-management/sm-cubbyhole.html
/guides/secret-mgmt/ssh-otp.html                https://learn.hashicorp.com/vault/secrets-management/sm-ssh-otp.html
/guides/secret-mgmt/pki-engine.html             https://learn.hashicorp.com/vault/secrets-management/sm-pki-engine.html
/guides/secret-mgmt/app-integration.html        https://learn.hashicorp.com/vault/developer/sm-app-integration.html

# Encryption
/guides/encryption/index.html                   https://learn.hashicorp.com/vault/?track=encryption-as-a-service#encryption-as-a-service
/guides/encryption/transit.html                 https://learn.hashicorp.com/vault/encryption-as-a-service/eaas-transit.html
/guides/encryption/spring-demo.html             https://learn.hashicorp.com/vault/encryption-as-a-service/eaas-spring-demo.html
/guides/encryption/transit-rewrap.html          https://learn.hashicorp.com/vault/encryption-as-a-service/eaas-transit-rewrap.html

# Rearranged out of `guides` but still on `.io`
/guides/partnerships/index.html /docs/partnerships/index.html
/intro/use-cases.html /docs/use-cases/index.html
/intro/vs/index.html  /docs/vs/index.html
/intro/vs/chef-puppet-etc.html /docs/vs/chef-puppet-etc.html
/intro/vs/consul.html /docs/vs/consul.html
/intro/vs/custom.html /docs/vs/custom.html
/intro/vs/dropbox.html /docs/vs/dropbox.html
/intro/vs/hsm.html /docs/vs/hsm.html
/intro/vs/index.html /docs/vs/index.html
/intro/vs/keywhiz.html /docs/vs/keywhiz.html
/intro/vs/kms.html /docs/vs/kms.html
/intro/what-is-vault/index.html /docs/what-is-vault/index.html
